,mean_fit_time,std_fit_time,mean_score_time,std_score_time,param_histgradientboostingclassifier__l2_regularization,param_histgradientboostingclassifier__learning_rate,param_histgradientboostingclassifier__max_iter,params,split0_test_score,split1_test_score,split2_test_score,split3_test_score,mean_test_score,std_test_score,rank_test_score
0,35.439677357673645,1.7862446274412382,4.463226020336151,0.6297802944336947,0,0.1,10,"{'histgradientboostingclassifier__l2_regularization': 0, 'histgradientboostingclassifier__learning_rate': 0.1, 'histgradientboostingclassifier__max_iter': 10}",0.5658524164619545,0.5456410759164771,0.5532616372984366,0.543864010456034,0.5521547850332256,0.00866047888747675,2
1,31.87257754802704,3.7330641332139383,3.286638855934143,0.5956704699220952,0,0.5,10,"{'histgradientboostingclassifier__l2_regularization': 0, 'histgradientboostingclassifier__learning_rate': 0.5, 'histgradientboostingclassifier__max_iter': 10}",0.550496139928193,0.5340650628306867,0.5408705699640954,0.5357985330845292,0.5403075764518761,0.006391874447395908,3
2,33.26742726564407,6.104771906273754,4.320982575416565,1.102009419333593,0.5,0.1,10,"{'histgradientboostingclassifier__l2_regularization': 0.5, 'histgradientboostingclassifier__learning_rate': 0.1, 'histgradientboostingclassifier__max_iter': 10}",0.5655686914997474,0.5463275833805736,0.554891335506424,0.5432569031084651,0.5525111283738025,0.008660863910821973,1
3,37.17074406147003,3.7898096080077046,2.6297872066497803,0.3930514033750577,0.5,0.5,10,"{'histgradientboostingclassifier__l2_regularization': 0.5, 'histgradientboostingclassifier__learning_rate': 0.5, 'histgradientboostingclassifier__max_iter': 10}",0.5426517380007551,0.5404849768518507,0.5398759641912313,0.5292553987150408,0.5380670194397195,0.005190932075273033,4
